1,troy_alfor,Ragged Way,10,90,1/1/2009
2,derrick_jarvis,The Forgotten Waves,300,23,2/13/1987
3,emilie_blaese,Search of Destruction,69,420,6/9/1969
4,mindy_howard,The Time's Stream,420,69,4/20/1969
5,ray_meyers,The Emperor of the Flame,8008135,101,5/7/1777
6,ayah_mcfarlane,Thorns in the Servant,101,8008135,8/9/1666
7,amaya_smart,Silky Butterfly,234,480,6/6/2006
8,faith_harvey,Return of Storm,1830,29,12/25/1999
9,aizah_wynn,The Ice's Magic,849,35,3/1/2020
10,abdi_brookes,The Flying of the Healer,2648,456,4/19/2014
11,TestUser,Test Pic 1,10,10,10/10/1010
12,TestUser,Test Pic 2,11,11,11/11/1111