1,1,troy_alfor,Trending
2,1,emilie_blaese,Clickbait
3,2,derrick_jarvis,Trending
4,3,emilie_blaese,Family
5,4,mindy_howard,Virus
6,4,ayah_mcfarlane,Sports
7,5,ray_meyers,Sports
8,5,mindy_howard,Clickbait
9,6,ayah_mcfarlane,Trending
10,6,aizah_wynn,Virus
11,7,amaya_smart,Friends
12,7,faith_harvey,Trending
13,8,faith_harvey,Family
14,8,ray_meyers,Clickbait
15,9,aizah_wynn,Friends
16,9,derrick_jarvis,Clickbait
17,9,ray_meyers,Friends
18,10,abdi_brookes,Trending
19,10,derrick_jarvis,Virus
20,10,ray_meyers,Clickbait
21,11,troy_alfor,Cool
22,11,TestUser,Apple
23,11,derrick_jarvis,Green
24,12,TestUser,Large Couch
25,12,abdi_brookes,mindy_howard
26,12,abdi_brookes,ayah_mcfarlane
27,12,derrick_jarvis,amaya_smart
28,12,abdi_brookes,faith_harvey
29,12,TestUser,aizah_wynn
30,12,faith_harvey,abdi_brookes
31,12,ray_meyers,emilie_blaese
32,11,troy_alfor,Trending
33,12,faith_harvey,Sports